full_content,sentiment_label
"Hola busco trabajo part time Hola soy un estudiante universitario de la usm, que busca un trabajo part time , alguna recomendacion ",neutral
"La Universidad Diego Portales (udp) es buena para ingeniería civil industrial en 2024? Hola gente, este año son los resultados y periodos de matriculas, pasa que yo quería quedar estudiando ing civil ind. en la Usm o Usach, ya que la Puc o la U de Chile las veía muy lejos, bueno al final me quede muy cerca de la Usm y de la Usach, pero igualmente quede en la Diego Portales, ya me matricule, pero no estoy muy seguro si me arrepentiré de no haber esperado otro año y entrar en una U mejor, ustedes que opinan?",neutral
"Universidad de santiago&gt; universidad de region?  Hola buenaas, presento mi caso: tengo 18 años, doy la Paes ahora en 1 semana mas y tengo la gran duda de donde estudiar.

me gustaria estudiar ingenieria civil electrica y tengo algunas universidades en la lista las cuales son : usm san joaquin, usm en valpo, pucv, unab stgo. 

Mi duda viene debido a que, calculando ponderaciones con mi caga de nem(628) casi que la usm en stgo es descartada y me quedaria estudiar la carrera en valpo, ya sea en la usm o pucv, perooo tambien esta la opcion de la unab aca en stgo, entonces me gustaria pedir consejos, sobre si conviene irme a valpo solo con todo lo que eso significa monetariamente ya que la carrera de por si es cara, o quedarme en santiago estudiando en la unab. Ademas no hay mucha info de la carrera en la unab y me gustaria saber que tal es, los laboratorios etc.. 

Y bueno cualquier opinion, ayuda, critica es bien aceptada, me gustaria saber otros puntos de vista sobre como actuar. ",neutral
"Arriendo es Santiago para 3 pibes Hola gente de reddit, soy un cabro de valdivia y con 2 amigos más nos vamos a ir a estudiar a santiago, estamos en la UTFSM y la Diego Portales, estamos buscando depa con 3D desamoblado o amoblado, cualquier datito o consejo sirve, idealmente por Providencia, Las condes, Vitacura o Ñuñoa muy alto",neutral
"hay estacionamiento en la clinica santa maria o alrededor?? tengo que ir en la mañana a la clinica y hace poco vivo cerca de ahí, pero no lo suficiente para ir caminando, pero tampoco tan lejos como para pedir un uber.

Puedo ir en auto, pero no sé si hay estacionamiento, no quiero ponerme a
dar vueltas por ahí buscando y perder la hora tampoco.",negative
"Total Wine Noobs! Hey! Myself and friend love trying different wines when we go on holiday but have actually never been on a wine tour/visited a vineyard or even done a real wine tasting. 

I thought the trip we have next March would be perfect for this, we would like to try some premium wines and the like maybe with some food included. 

Is there any recommendations on where to go? 

We prefer Whites, thanks!! ",positive
"Santiago locals help me deciding in which barrio i should live! Locals of Santiago, I Need your help!
in one month i am beginning an internship in Santiago. the Company is based in providencia. Now i am looking for a place to live and due to the high costs for Apartments in providencia i plan to rent an Apartment in the centre of Santiago, which is way cheaper. but i have never been to Santiago and thats why i dont know how safe the area is.
the 2 most interesting Apartments are in Bellas Artes. one at santa Maria and recoleta and the other one at vicuna mackenna and virreinato.

can you tell me if ist safe to live there?",neutral
